{
  "price_change_1d": 0.13602941288374668,
  "price_change_5d": 0.047214631008567126,
  "price_change_10d": 0.037989078705891924,
  "dist_from_10d_high": 0.03466649099848981,
  "dist_from_10d_low": 0.03658774381586731,
  "price_position_10d": 0.028452129353859074,
  "volume_ratio_1d": 0.060454086777321836,
  "volume_ratio_5d": 0.03673761362821013,
  "volume_trend": 0.03840448851393569,
  "had_volume_spike": 0.003169171176184102,
  "rsi": 0.04119443324482127,
  "rsi_oversold": 0.002257381238024361,
  "rsi_overbought": 0.001963141812669424,
  "macd": 0.0340747425318795,
  "macd_signal": 0.03842426547569387,
  "macd_histogram": 0.033310396881936793,
  "macd_bullish_cross": 0.001531717210712147,
  "bb_position": 0.042199385607284326,
  "below_lower_bb": 0.000721953764256079,
  "above_upper_bb": 0.005625302633519372,
  "volatility_10d": 0.04274472374589009,
  "consolidation": 0.001544643662155461,
  "max_gap_10d": 0.04267894954210612,
  "had_gap_up": 0.007201334197306134,
  "had_gap_down": 0.004593630837463931,
  "red_days_10d": 0.012059856849546451,
  "consecutive_red": 0.015858499991002445,
  "day_of_week": 0.013713736425573449,
  "is_monday": 0.0042659430318547215,
  "is_friday": 0.0042772912358814245,
  "spy_change_1d": 0.07452011492794125,
  "spy_trend_5d": 0.03837211083243755,
  "market_green": 0.011809423647476605,
  "vix": 0.055012628767211726,
  "vix_high": 0.001980524284847661,
  "vix_low": 0.008359020758434272
}